CustomerID,FirstName,LastName,Email,Region,NPSScore
1,FirstName1,LastName1,customer1@example.com,East,3
2,FirstName2,LastName2,customer2@example.com,North,7
3,FirstName3,LastName3,customer3@example.com,North,9
4,FirstName4,LastName4,customer4@example.com,West,6
5,FirstName5,LastName5,customer5@example.com,South,7
6,FirstName6,LastName6,customer6@example.com,West,7
7,FirstName7,LastName7,customer7@example.com,North,1
8,FirstName8,LastName8,customer8@example.com,East,10
9,FirstName9,LastName9,customer9@example.com,North,5
10,FirstName10,LastName10,customer10@example.com,East,1
11,FirstName11,LastName11,customer11@example.com,East,7
12,FirstName12,LastName12,customer12@example.com,North,2
13,FirstName13,LastName13,customer13@example.com,West,5
14,FirstName14,LastName14,customer14@example.com,East,1
15,FirstName15,LastName15,customer15@example.com,North,1
16,FirstName16,LastName16,customer16@example.com,West,10
17,FirstName17,LastName17,customer17@example.com,East,9
18,FirstName18,LastName18,customer18@example.com,West,1
19,FirstName19,LastName19,customer19@example.com,East,9
20,FirstName20,LastName20,customer20@example.com,South,8
21,FirstName21,LastName21,customer21@example.com,West,8
22,FirstName22,LastName22,customer22@example.com,West,4
23,FirstName23,LastName23,customer23@example.com,North,6
24,FirstName24,LastName24,customer24@example.com,West,7
25,FirstName25,LastName25,customer25@example.com,North,6
26,FirstName26,LastName26,customer26@example.com,North,4
27,FirstName27,LastName27,customer27@example.com,West,4
28,FirstName28,LastName28,customer28@example.com,North,3
29,FirstName29,LastName29,customer29@example.com,West,4
30,FirstName30,LastName30,customer30@example.com,East,5
31,FirstName31,LastName31,customer31@example.com,East,9
32,FirstName32,LastName32,customer32@example.com,East,1
33,FirstName33,LastName33,customer33@example.com,East,7
34,FirstName34,LastName34,customer34@example.com,West,10
35,FirstName35,LastName35,customer35@example.com,South,8
36,FirstName36,LastName36,customer36@example.com,North,10
37,FirstName37,LastName37,customer37@example.com,East,2
38,FirstName38,LastName38,customer38@example.com,West,3
39,FirstName39,LastName39,customer39@example.com,East,8
40,FirstName40,LastName40,customer40@example.com,South,7
41,FirstName41,LastName41,customer41@example.com,West,10
42,FirstName42,LastName42,customer42@example.com,East,1
43,FirstName43,LastName43,customer43@example.com,East,5
44,FirstName44,LastName44,customer44@example.com,North,4
45,FirstName45,LastName45,customer45@example.com,South,9
46,FirstName46,LastName46,customer46@example.com,West,6
47,FirstName47,LastName47,customer47@example.com,East,7
48,FirstName48,LastName48,customer48@example.com,North,8
49,FirstName49,LastName49,customer49@example.com,North,2
50,FirstName50,LastName50,customer50@example.com,West,8
51,FirstName51,LastName51,customer51@example.com,West,2
52,FirstName52,LastName52,customer52@example.com,West,2
53,FirstName53,LastName53,customer53@example.com,North,5
54,FirstName54,LastName54,customer54@example.com,North,4
55,FirstName55,LastName55,customer55@example.com,South,2
56,FirstName56,LastName56,customer56@example.com,South,7
57,FirstName57,LastName57,customer57@example.com,West,1
58,FirstName58,LastName58,customer58@example.com,North,5
59,FirstName59,LastName59,customer59@example.com,West,10
60,FirstName60,LastName60,customer60@example.com,South,5
61,FirstName61,LastName61,customer61@example.com,East,1
62,FirstName62,LastName62,customer62@example.com,North,6
63,FirstName63,LastName63,customer63@example.com,South,6
64,FirstName64,LastName64,customer64@example.com,South,9
65,FirstName65,LastName65,customer65@example.com,North,6
66,FirstName66,LastName66,customer66@example.com,West,2
67,FirstName67,LastName67,customer67@example.com,South,5
68,FirstName68,LastName68,customer68@example.com,East,8
69,FirstName69,LastName69,customer69@example.com,South,8
70,FirstName70,LastName70,customer70@example.com,South,9
71,FirstName71,LastName71,customer71@example.com,East,4
72,FirstName72,LastName72,customer72@example.com,West,6
73,FirstName73,LastName73,customer73@example.com,East,6
74,FirstName74,LastName74,customer74@example.com,East,2
75,FirstName75,LastName75,customer75@example.com,East,1
76,FirstName76,LastName76,customer76@example.com,West,6
77,FirstName77,LastName77,customer77@example.com,East,2
78,FirstName78,LastName78,customer78@example.com,East,10
79,FirstName79,LastName79,customer79@example.com,South,8
80,FirstName80,LastName80,customer80@example.com,East,8
81,FirstName81,LastName81,customer81@example.com,South,9
82,FirstName82,LastName82,customer82@example.com,West,3
83,FirstName83,LastName83,customer83@example.com,East,5
84,FirstName84,LastName84,customer84@example.com,South,2
85,FirstName85,LastName85,customer85@example.com,South,10
86,FirstName86,LastName86,customer86@example.com,South,7
87,FirstName87,LastName87,customer87@example.com,West,8
88,FirstName88,LastName88,customer88@example.com,West,5
89,FirstName89,LastName89,customer89@example.com,West,8
90,FirstName90,LastName90,customer90@example.com,West,10
91,FirstName91,LastName91,customer91@example.com,West,4
92,FirstName92,LastName92,customer92@example.com,South,3
93,FirstName93,LastName93,customer93@example.com,East,5
94,FirstName94,LastName94,customer94@example.com,West,8
95,FirstName95,LastName95,customer95@example.com,West,2
96,FirstName96,LastName96,customer96@example.com,North,5
97,FirstName97,LastName97,customer97@example.com,South,1
98,FirstName98,LastName98,customer98@example.com,North,8
99,FirstName99,LastName99,customer99@example.com,West,6
100,FirstName100,LastName100,customer100@example.com,South,8
101,FirstName101,LastName101,customer101@example.com,East,2
102,FirstName102,LastName102,customer102@example.com,South,4
103,FirstName103,LastName103,customer103@example.com,South,9
104,FirstName104,LastName104,customer104@example.com,North,6
105,FirstName105,LastName105,customer105@example.com,North,5
106,FirstName106,LastName106,customer106@example.com,West,9
107,FirstName107,LastName107,customer107@example.com,North,1
108,FirstName108,LastName108,customer108@example.com,East,6
109,FirstName109,LastName109,customer109@example.com,West,1
110,FirstName110,LastName110,customer110@example.com,North,1
111,FirstName111,LastName111,customer111@example.com,West,4
112,FirstName112,LastName112,customer112@example.com,North,9
113,FirstName113,LastName113,customer113@example.com,South,10
114,FirstName114,LastName114,customer114@example.com,North,2
115,FirstName115,LastName115,customer115@example.com,West,10
116,FirstName116,LastName116,customer116@example.com,West,8
117,FirstName117,LastName117,customer117@example.com,North,10
118,FirstName118,LastName118,customer118@example.com,West,2
119,FirstName119,LastName119,customer119@example.com,North,10
120,FirstName120,LastName120,customer120@example.com,South,2
121,FirstName121,LastName121,customer121@example.com,South,10
122,FirstName122,LastName122,customer122@example.com,North,8
123,FirstName123,LastName123,customer123@example.com,East,5
124,FirstName124,LastName124,customer124@example.com,East,7
125,FirstName125,LastName125,customer125@example.com,West,9
126,FirstName126,LastName126,customer126@example.com,South,5
127,FirstName127,LastName127,customer127@example.com,North,1
128,FirstName128,LastName128,customer128@example.com,East,7
129,FirstName129,LastName129,customer129@example.com,West,9
130,FirstName130,LastName130,customer130@example.com,East,2
131,FirstName131,LastName131,customer131@example.com,West,8
132,FirstName132,LastName132,customer132@example.com,North,10
133,FirstName133,LastName133,customer133@example.com,West,9
134,FirstName134,LastName134,customer134@example.com,South,4
135,FirstName135,LastName135,customer135@example.com,West,2
136,FirstName136,LastName136,customer136@example.com,East,3
137,FirstName137,LastName137,customer137@example.com,North,6
138,FirstName138,LastName138,customer138@example.com,East,5
139,FirstName139,LastName139,customer139@example.com,North,8
140,FirstName140,LastName140,customer140@example.com,East,6
141,FirstName141,LastName141,customer141@example.com,North,8
142,FirstName142,LastName142,customer142@example.com,South,8
143,FirstName143,LastName143,customer143@example.com,South,10
144,FirstName144,LastName144,customer144@example.com,North,9
145,FirstName145,LastName145,customer145@example.com,West,8
146,FirstName146,LastName146,customer146@example.com,South,6
147,FirstName147,LastName147,customer147@example.com,North,4
148,FirstName148,LastName148,customer148@example.com,West,1
149,FirstName149,LastName149,customer149@example.com,North,8
150,FirstName150,LastName150,customer150@example.com,South,4
151,FirstName151,LastName151,customer151@example.com,North,9
152,FirstName152,LastName152,customer152@example.com,West,6
153,FirstName153,LastName153,customer153@example.com,West,1
154,FirstName154,LastName154,customer154@example.com,South,6
155,FirstName155,LastName155,customer155@example.com,West,6
156,FirstName156,LastName156,customer156@example.com,East,8
157,FirstName157,LastName157,customer157@example.com,East,6
158,FirstName158,LastName158,customer158@example.com,West,2
159,FirstName159,LastName159,customer159@example.com,North,10
160,FirstName160,LastName160,customer160@example.com,West,2
161,FirstName161,LastName161,customer161@example.com,South,2
162,FirstName162,LastName162,customer162@example.com,South,5
163,FirstName163,LastName163,customer163@example.com,North,6
164,FirstName164,LastName164,customer164@example.com,East,1
165,FirstName165,LastName165,customer165@example.com,West,2
166,FirstName166,LastName166,customer166@example.com,North,3
167,FirstName167,LastName167,customer167@example.com,North,3
168,FirstName168,LastName168,customer168@example.com,West,5
169,FirstName169,LastName169,customer169@example.com,West,6
170,FirstName170,LastName170,customer170@example.com,West,9
171,FirstName171,LastName171,customer171@example.com,North,3
172,FirstName172,LastName172,customer172@example.com,East,8
173,FirstName173,LastName173,customer173@example.com,South,10
174,FirstName174,LastName174,customer174@example.com,West,3
175,FirstName175,LastName175,customer175@example.com,South,4
176,FirstName176,LastName176,customer176@example.com,South,4
177,FirstName177,LastName177,customer177@example.com,North,1
178,FirstName178,LastName178,customer178@example.com,East,3
179,FirstName179,LastName179,customer179@example.com,South,7
180,FirstName180,LastName180,customer180@example.com,North,8
181,FirstName181,LastName181,customer181@example.com,East,4
182,FirstName182,LastName182,customer182@example.com,North,3
183,FirstName183,LastName183,customer183@example.com,South,6
184,FirstName184,LastName184,customer184@example.com,East,5
185,FirstName185,LastName185,customer185@example.com,East,3
186,FirstName186,LastName186,customer186@example.com,North,9
187,FirstName187,LastName187,customer187@example.com,North,4
188,FirstName188,LastName188,customer188@example.com,East,2
189,FirstName189,LastName189,customer189@example.com,West,6
190,FirstName190,LastName190,customer190@example.com,South,3
191,FirstName191,LastName191,customer191@example.com,East,7
192,FirstName192,LastName192,customer192@example.com,West,10
193,FirstName193,LastName193,customer193@example.com,South,10
194,FirstName194,LastName194,customer194@example.com,South,5
195,FirstName195,LastName195,customer195@example.com,East,2
196,FirstName196,LastName196,customer196@example.com,West,10
197,FirstName197,LastName197,customer197@example.com,East,8
198,FirstName198,LastName198,customer198@example.com,West,7
199,FirstName199,LastName199,customer199@example.com,South,2
200,FirstName200,LastName200,customer200@example.com,West,5
201,FirstName201,LastName201,customer201@example.com,South,2
202,FirstName202,LastName202,customer202@example.com,East,3
203,FirstName203,LastName203,customer203@example.com,North,2
204,FirstName204,LastName204,customer204@example.com,South,10
205,FirstName205,LastName205,customer205@example.com,East,3
206,FirstName206,LastName206,customer206@example.com,East,3
207,FirstName207,LastName207,customer207@example.com,North,6
208,FirstName208,LastName208,customer208@example.com,South,4
209,FirstName209,LastName209,customer209@example.com,East,5
210,FirstName210,LastName210,customer210@example.com,North,10
211,FirstName211,LastName211,customer211@example.com,North,6
212,FirstName212,LastName212,customer212@example.com,East,9
213,FirstName213,LastName213,customer213@example.com,East,2
214,FirstName214,LastName214,customer214@example.com,West,5
215,FirstName215,LastName215,customer215@example.com,East,2
216,FirstName216,LastName216,customer216@example.com,North,7
217,FirstName217,LastName217,customer217@example.com,South,5
218,FirstName218,LastName218,customer218@example.com,North,2
219,FirstName219,LastName219,customer219@example.com,West,2
220,FirstName220,LastName220,customer220@example.com,East,9
221,FirstName221,LastName221,customer221@example.com,North,10
222,FirstName222,LastName222,customer222@example.com,North,4
223,FirstName223,LastName223,customer223@example.com,North,1
224,FirstName224,LastName224,customer224@example.com,East,5
225,FirstName225,LastName225,customer225@example.com,East,5
226,FirstName226,LastName226,customer226@example.com,North,4
227,FirstName227,LastName227,customer227@example.com,North,1
228,FirstName228,LastName228,customer228@example.com,North,4
229,FirstName229,LastName229,customer229@example.com,West,8
230,FirstName230,LastName230,customer230@example.com,North,6
231,FirstName231,LastName231,customer231@example.com,East,7
232,FirstName232,LastName232,customer232@example.com,East,7
233,FirstName233,LastName233,customer233@example.com,South,1
234,FirstName234,LastName234,customer234@example.com,North,3
235,FirstName235,LastName235,customer235@example.com,South,5
236,FirstName236,LastName236,customer236@example.com,South,8
237,FirstName237,LastName237,customer237@example.com,South,6
238,FirstName238,LastName238,customer238@example.com,West,6
239,FirstName239,LastName239,customer239@example.com,East,10
240,FirstName240,LastName240,customer240@example.com,South,1
241,FirstName241,LastName241,customer241@example.com,West,9
242,FirstName242,LastName242,customer242@example.com,West,4
243,FirstName243,LastName243,customer243@example.com,South,10
244,FirstName244,LastName244,customer244@example.com,South,7
245,FirstName245,LastName245,customer245@example.com,North,10
246,FirstName246,LastName246,customer246@example.com,South,6
247,FirstName247,LastName247,customer247@example.com,North,1
248,FirstName248,LastName248,customer248@example.com,West,2
249,FirstName249,LastName249,customer249@example.com,West,7
250,FirstName250,LastName250,customer250@example.com,East,1
251,FirstName251,LastName251,customer251@example.com,West,4
252,FirstName252,LastName252,customer252@example.com,North,6
253,FirstName253,LastName253,customer253@example.com,East,8
254,FirstName254,LastName254,customer254@example.com,North,9
255,FirstName255,LastName255,customer255@example.com,North,5
256,FirstName256,LastName256,customer256@example.com,South,7
257,FirstName257,LastName257,customer257@example.com,East,4
258,FirstName258,LastName258,customer258@example.com,South,2
259,FirstName259,LastName259,customer259@example.com,South,3
260,FirstName260,LastName260,customer260@example.com,North,1
261,FirstName261,LastName261,customer261@example.com,North,6
262,FirstName262,LastName262,customer262@example.com,West,10
263,FirstName263,LastName263,customer263@example.com,West,2
264,FirstName264,LastName264,customer264@example.com,West,4
265,FirstName265,LastName265,customer265@example.com,East,2
266,FirstName266,LastName266,customer266@example.com,South,3
267,FirstName267,LastName267,customer267@example.com,North,2
268,FirstName268,LastName268,customer268@example.com,West,2
269,FirstName269,LastName269,customer269@example.com,North,10
270,FirstName270,LastName270,customer270@example.com,South,4
271,FirstName271,LastName271,customer271@example.com,East,10
272,FirstName272,LastName272,customer272@example.com,East,6
273,FirstName273,LastName273,customer273@example.com,West,9
274,FirstName274,LastName274,customer274@example.com,North,3
275,FirstName275,LastName275,customer275@example.com,South,4
276,FirstName276,LastName276,customer276@example.com,West,8
277,FirstName277,LastName277,customer277@example.com,South,10
278,FirstName278,LastName278,customer278@example.com,South,9
279,FirstName279,LastName279,customer279@example.com,North,8
280,FirstName280,LastName280,customer280@example.com,South,6
281,FirstName281,LastName281,customer281@example.com,West,3
282,FirstName282,LastName282,customer282@example.com,East,8
283,FirstName283,LastName283,customer283@example.com,East,3
284,FirstName284,LastName284,customer284@example.com,North,5
285,FirstName285,LastName285,customer285@example.com,North,8
286,FirstName286,LastName286,customer286@example.com,North,5
287,FirstName287,LastName287,customer287@example.com,West,5
288,FirstName288,LastName288,customer288@example.com,South,6
289,FirstName289,LastName289,customer289@example.com,South,3
290,FirstName290,LastName290,customer290@example.com,West,6
291,FirstName291,LastName291,customer291@example.com,East,5
292,FirstName292,LastName292,customer292@example.com,North,6
293,FirstName293,LastName293,customer293@example.com,West,5
294,FirstName294,LastName294,customer294@example.com,North,9
295,FirstName295,LastName295,customer295@example.com,North,4
296,FirstName296,LastName296,customer296@example.com,North,7
297,FirstName297,LastName297,customer297@example.com,East,6
298,FirstName298,LastName298,customer298@example.com,North,3
299,FirstName299,LastName299,customer299@example.com,East,4
300,FirstName300,LastName300,customer300@example.com,South,1
301,FirstName301,LastName301,customer301@example.com,West,1
302,FirstName302,LastName302,customer302@example.com,South,3
303,FirstName303,LastName303,customer303@example.com,West,3
304,FirstName304,LastName304,customer304@example.com,East,7
305,FirstName305,LastName305,customer305@example.com,East,5
306,FirstName306,LastName306,customer306@example.com,East,5
307,FirstName307,LastName307,customer307@example.com,North,10
308,FirstName308,LastName308,customer308@example.com,North,4
309,FirstName309,LastName309,customer309@example.com,North,3
310,FirstName310,LastName310,customer310@example.com,East,1
311,FirstName311,LastName311,customer311@example.com,North,1
312,FirstName312,LastName312,customer312@example.com,South,4
313,FirstName313,LastName313,customer313@example.com,North,4
314,FirstName314,LastName314,customer314@example.com,East,9
315,FirstName315,LastName315,customer315@example.com,East,1
316,FirstName316,LastName316,customer316@example.com,East,8
317,FirstName317,LastName317,customer317@example.com,West,5
318,FirstName318,LastName318,customer318@example.com,South,3
319,FirstName319,LastName319,customer319@example.com,West,1
320,FirstName320,LastName320,customer320@example.com,East,4
321,FirstName321,LastName321,customer321@example.com,North,2
322,FirstName322,LastName322,customer322@example.com,South,5
323,FirstName323,LastName323,customer323@example.com,East,10
324,FirstName324,LastName324,customer324@example.com,North,3
325,FirstName325,LastName325,customer325@example.com,West,7
326,FirstName326,LastName326,customer326@example.com,East,3
327,FirstName327,LastName327,customer327@example.com,South,2
328,FirstName328,LastName328,customer328@example.com,West,10
329,FirstName329,LastName329,customer329@example.com,South,9
330,FirstName330,LastName330,customer330@example.com,North,10
331,FirstName331,LastName331,customer331@example.com,West,2
332,FirstName332,LastName332,customer332@example.com,East,7
333,FirstName333,LastName333,customer333@example.com,West,4
334,FirstName334,LastName334,customer334@example.com,North,4
335,FirstName335,LastName335,customer335@example.com,South,5
336,FirstName336,LastName336,customer336@example.com,South,9
337,FirstName337,LastName337,customer337@example.com,East,4
338,FirstName338,LastName338,customer338@example.com,East,9
339,FirstName339,LastName339,customer339@example.com,East,10
340,FirstName340,LastName340,customer340@example.com,West,4
341,FirstName341,LastName341,customer341@example.com,South,1
342,FirstName342,LastName342,customer342@example.com,North,4
343,FirstName343,LastName343,customer343@example.com,North,9
344,FirstName344,LastName344,customer344@example.com,North,10
345,FirstName345,LastName345,customer345@example.com,North,3
346,FirstName346,LastName346,customer346@example.com,South,9
347,FirstName347,LastName347,customer347@example.com,East,8
348,FirstName348,LastName348,customer348@example.com,South,1
349,FirstName349,LastName349,customer349@example.com,North,8
350,FirstName350,LastName350,customer350@example.com,West,9
351,FirstName351,LastName351,customer351@example.com,West,1
352,FirstName352,LastName352,customer352@example.com,North,4
353,FirstName353,LastName353,customer353@example.com,North,3
354,FirstName354,LastName354,customer354@example.com,South,7
355,FirstName355,LastName355,customer355@example.com,East,7
356,FirstName356,LastName356,customer356@example.com,North,6
357,FirstName357,LastName357,customer357@example.com,East,7
358,FirstName358,LastName358,customer358@example.com,West,2
359,FirstName359,LastName359,customer359@example.com,East,8
360,FirstName360,LastName360,customer360@example.com,South,10
361,FirstName361,LastName361,customer361@example.com,West,5
362,FirstName362,LastName362,customer362@example.com,North,8
363,FirstName363,LastName363,customer363@example.com,South,6
364,FirstName364,LastName364,customer364@example.com,North,1
365,FirstName365,LastName365,customer365@example.com,North,1
366,FirstName366,LastName366,customer366@example.com,East,7
367,FirstName367,LastName367,customer367@example.com,South,5
368,FirstName368,LastName368,customer368@example.com,East,9
369,FirstName369,LastName369,customer369@example.com,South,5
370,FirstName370,LastName370,customer370@example.com,West,8
371,FirstName371,LastName371,customer371@example.com,South,9
372,FirstName372,LastName372,customer372@example.com,South,2
373,FirstName373,LastName373,customer373@example.com,East,7
374,FirstName374,LastName374,customer374@example.com,East,2
375,FirstName375,LastName375,customer375@example.com,North,10
376,FirstName376,LastName376,customer376@example.com,South,2
377,FirstName377,LastName377,customer377@example.com,North,6
378,FirstName378,LastName378,customer378@example.com,West,4
379,FirstName379,LastName379,customer379@example.com,North,10
380,FirstName380,LastName380,customer380@example.com,East,1
381,FirstName381,LastName381,customer381@example.com,North,5
382,FirstName382,LastName382,customer382@example.com,North,6
383,FirstName383,LastName383,customer383@example.com,South,8
384,FirstName384,LastName384,customer384@example.com,North,10
385,FirstName385,LastName385,customer385@example.com,West,2
386,FirstName386,LastName386,customer386@example.com,East,2
387,FirstName387,LastName387,customer387@example.com,West,5
388,FirstName388,LastName388,customer388@example.com,South,9
389,FirstName389,LastName389,customer389@example.com,East,10
390,FirstName390,LastName390,customer390@example.com,South,1
391,FirstName391,LastName391,customer391@example.com,West,4
392,FirstName392,LastName392,customer392@example.com,East,6
393,FirstName393,LastName393,customer393@example.com,East,10
394,FirstName394,LastName394,customer394@example.com,North,2
395,FirstName395,LastName395,customer395@example.com,North,5
396,FirstName396,LastName396,customer396@example.com,East,8
397,FirstName397,LastName397,customer397@example.com,West,7
398,FirstName398,LastName398,customer398@example.com,West,5
399,FirstName399,LastName399,customer399@example.com,West,5
400,FirstName400,LastName400,customer400@example.com,East,5
401,FirstName401,LastName401,customer401@example.com,North,2
402,FirstName402,LastName402,customer402@example.com,North,5
403,FirstName403,LastName403,customer403@example.com,South,1
404,FirstName404,LastName404,customer404@example.com,East,2
405,FirstName405,LastName405,customer405@example.com,North,2
406,FirstName406,LastName406,customer406@example.com,South,5
407,FirstName407,LastName407,customer407@example.com,South,7
408,FirstName408,LastName408,customer408@example.com,South,1
409,FirstName409,LastName409,customer409@example.com,South,4
410,FirstName410,LastName410,customer410@example.com,North,10
411,FirstName411,LastName411,customer411@example.com,North,4
412,FirstName412,LastName412,customer412@example.com,East,4
413,FirstName413,LastName413,customer413@example.com,West,10
414,FirstName414,LastName414,customer414@example.com,South,5
415,FirstName415,LastName415,customer415@example.com,West,1
416,FirstName416,LastName416,customer416@example.com,West,10
417,FirstName417,LastName417,customer417@example.com,East,9
418,FirstName418,LastName418,customer418@example.com,South,10
419,FirstName419,LastName419,customer419@example.com,South,4
420,FirstName420,LastName420,customer420@example.com,North,1
421,FirstName421,LastName421,customer421@example.com,North,9
422,FirstName422,LastName422,customer422@example.com,South,8
423,FirstName423,LastName423,customer423@example.com,East,5
424,FirstName424,LastName424,customer424@example.com,East,3
425,FirstName425,LastName425,customer425@example.com,North,1
426,FirstName426,LastName426,customer426@example.com,East,2
427,FirstName427,LastName427,customer427@example.com,South,7
428,FirstName428,LastName428,customer428@example.com,East,8
429,FirstName429,LastName429,customer429@example.com,South,9
430,FirstName430,LastName430,customer430@example.com,East,3
431,FirstName431,LastName431,customer431@example.com,East,7
432,FirstName432,LastName432,customer432@example.com,North,9
433,FirstName433,LastName433,customer433@example.com,East,4
434,FirstName434,LastName434,customer434@example.com,North,2
435,FirstName435,LastName435,customer435@example.com,West,9
436,FirstName436,LastName436,customer436@example.com,West,6
437,FirstName437,LastName437,customer437@example.com,North,1
438,FirstName438,LastName438,customer438@example.com,East,5
439,FirstName439,LastName439,customer439@example.com,North,7
440,FirstName440,LastName440,customer440@example.com,North,3
441,FirstName441,LastName441,customer441@example.com,West,8
442,FirstName442,LastName442,customer442@example.com,North,1
443,FirstName443,LastName443,customer443@example.com,North,1
444,FirstName444,LastName444,customer444@example.com,West,9
445,FirstName445,LastName445,customer445@example.com,East,1
446,FirstName446,LastName446,customer446@example.com,East,7
447,FirstName447,LastName447,customer447@example.com,East,1
448,FirstName448,LastName448,customer448@example.com,South,8
449,FirstName449,LastName449,customer449@example.com,South,3
450,FirstName450,LastName450,customer450@example.com,East,7
451,FirstName451,LastName451,customer451@example.com,East,10
452,FirstName452,LastName452,customer452@example.com,South,4
453,FirstName453,LastName453,customer453@example.com,South,1
454,FirstName454,LastName454,customer454@example.com,South,6
455,FirstName455,LastName455,customer455@example.com,East,5
456,FirstName456,LastName456,customer456@example.com,East,8
457,FirstName457,LastName457,customer457@example.com,North,7
458,FirstName458,LastName458,customer458@example.com,North,6
459,FirstName459,LastName459,customer459@example.com,West,7
460,FirstName460,LastName460,customer460@example.com,West,5
461,FirstName461,LastName461,customer461@example.com,North,10
462,FirstName462,LastName462,customer462@example.com,North,2
463,FirstName463,LastName463,customer463@example.com,East,5
464,FirstName464,LastName464,customer464@example.com,North,8
465,FirstName465,LastName465,customer465@example.com,North,10
466,FirstName466,LastName466,customer466@example.com,North,2
467,FirstName467,LastName467,customer467@example.com,West,7
468,FirstName468,LastName468,customer468@example.com,East,3
469,FirstName469,LastName469,customer469@example.com,East,10
470,FirstName470,LastName470,customer470@example.com,North,6
471,FirstName471,LastName471,customer471@example.com,West,3
472,FirstName472,LastName472,customer472@example.com,West,4
473,FirstName473,LastName473,customer473@example.com,North,4
474,FirstName474,LastName474,customer474@example.com,East,1
475,FirstName475,LastName475,customer475@example.com,West,4
476,FirstName476,LastName476,customer476@example.com,North,9
477,FirstName477,LastName477,customer477@example.com,South,4
478,FirstName478,LastName478,customer478@example.com,South,3
479,FirstName479,LastName479,customer479@example.com,South,1
480,FirstName480,LastName480,customer480@example.com,East,6
481,FirstName481,LastName481,customer481@example.com,South,7
482,FirstName482,LastName482,customer482@example.com,North,5
483,FirstName483,LastName483,customer483@example.com,West,5
484,FirstName484,LastName484,customer484@example.com,East,4
485,FirstName485,LastName485,customer485@example.com,South,6
486,FirstName486,LastName486,customer486@example.com,South,1
487,FirstName487,LastName487,customer487@example.com,West,1
488,FirstName488,LastName488,customer488@example.com,North,3
489,FirstName489,LastName489,customer489@example.com,North,6
490,FirstName490,LastName490,customer490@example.com,West,10
491,FirstName491,LastName491,customer491@example.com,South,6
492,FirstName492,LastName492,customer492@example.com,West,4
493,FirstName493,LastName493,customer493@example.com,East,2
494,FirstName494,LastName494,customer494@example.com,East,7
495,FirstName495,LastName495,customer495@example.com,West,4
496,FirstName496,LastName496,customer496@example.com,West,4
497,FirstName497,LastName497,customer497@example.com,West,5
498,FirstName498,LastName498,customer498@example.com,East,2
499,FirstName499,LastName499,customer499@example.com,East,1
500,FirstName500,LastName500,customer500@example.com,West,2
501,FirstName501,LastName501,customer501@example.com,North,6
502,FirstName502,LastName502,customer502@example.com,East,5
503,FirstName503,LastName503,customer503@example.com,West,1
504,FirstName504,LastName504,customer504@example.com,West,1
505,FirstName505,LastName505,customer505@example.com,East,2
506,FirstName506,LastName506,customer506@example.com,West,1
507,FirstName507,LastName507,customer507@example.com,East,2
508,FirstName508,LastName508,customer508@example.com,North,8
509,FirstName509,LastName509,customer509@example.com,South,5
510,FirstName510,LastName510,customer510@example.com,North,2
511,FirstName511,LastName511,customer511@example.com,East,10
512,FirstName512,LastName512,customer512@example.com,West,6
513,FirstName513,LastName513,customer513@example.com,East,2
514,FirstName514,LastName514,customer514@example.com,North,5
515,FirstName515,LastName515,customer515@example.com,South,6
516,FirstName516,LastName516,customer516@example.com,South,3
517,FirstName517,LastName517,customer517@example.com,South,1
518,FirstName518,LastName518,customer518@example.com,South,7
519,FirstName519,LastName519,customer519@example.com,East,6
520,FirstName520,LastName520,customer520@example.com,East,7
521,FirstName521,LastName521,customer521@example.com,North,2
522,FirstName522,LastName522,customer522@example.com,North,4
523,FirstName523,LastName523,customer523@example.com,East,3
524,FirstName524,LastName524,customer524@example.com,West,4
525,FirstName525,LastName525,customer525@example.com,East,7
526,FirstName526,LastName526,customer526@example.com,North,4
527,FirstName527,LastName527,customer527@example.com,East,8
528,FirstName528,LastName528,customer528@example.com,East,7
529,FirstName529,LastName529,customer529@example.com,South,7
530,FirstName530,LastName530,customer530@example.com,East,8
531,FirstName531,LastName531,customer531@example.com,North,9
532,FirstName532,LastName532,customer532@example.com,North,3
533,FirstName533,LastName533,customer533@example.com,South,7
534,FirstName534,LastName534,customer534@example.com,East,2
535,FirstName535,LastName535,customer535@example.com,South,4
536,FirstName536,LastName536,customer536@example.com,East,10
537,FirstName537,LastName537,customer537@example.com,South,7
538,FirstName538,LastName538,customer538@example.com,West,3
539,FirstName539,LastName539,customer539@example.com,West,6
540,FirstName540,LastName540,customer540@example.com,South,4
541,FirstName541,LastName541,customer541@example.com,South,6
542,FirstName542,LastName542,customer542@example.com,East,1
543,FirstName543,LastName543,customer543@example.com,West,4
544,FirstName544,LastName544,customer544@example.com,East,4
545,FirstName545,LastName545,customer545@example.com,East,7
546,FirstName546,LastName546,customer546@example.com,South,6
547,FirstName547,LastName547,customer547@example.com,North,7
548,FirstName548,LastName548,customer548@example.com,North,7
549,FirstName549,LastName549,customer549@example.com,North,8
550,FirstName550,LastName550,customer550@example.com,North,7
551,FirstName551,LastName551,customer551@example.com,South,3
552,FirstName552,LastName552,customer552@example.com,South,1
553,FirstName553,LastName553,customer553@example.com,West,9
554,FirstName554,LastName554,customer554@example.com,South,5
555,FirstName555,LastName555,customer555@example.com,South,9
556,FirstName556,LastName556,customer556@example.com,North,3
557,FirstName557,LastName557,customer557@example.com,East,7
558,FirstName558,LastName558,customer558@example.com,East,6
559,FirstName559,LastName559,customer559@example.com,West,3
560,FirstName560,LastName560,customer560@example.com,East,9
561,FirstName561,LastName561,customer561@example.com,South,7
562,FirstName562,LastName562,customer562@example.com,West,4
563,FirstName563,LastName563,customer563@example.com,South,2
564,FirstName564,LastName564,customer564@example.com,North,9
565,FirstName565,LastName565,customer565@example.com,South,4
566,FirstName566,LastName566,customer566@example.com,East,8
567,FirstName567,LastName567,customer567@example.com,South,2
568,FirstName568,LastName568,customer568@example.com,North,10
569,FirstName569,LastName569,customer569@example.com,North,9
570,FirstName570,LastName570,customer570@example.com,West,4
571,FirstName571,LastName571,customer571@example.com,West,9
572,FirstName572,LastName572,customer572@example.com,South,10
573,FirstName573,LastName573,customer573@example.com,East,9
574,FirstName574,LastName574,customer574@example.com,South,3
575,FirstName575,LastName575,customer575@example.com,East,1
576,FirstName576,LastName576,customer576@example.com,East,6
577,FirstName577,LastName577,customer577@example.com,East,10
578,FirstName578,LastName578,customer578@example.com,East,6
579,FirstName579,LastName579,customer579@example.com,South,7
580,FirstName580,LastName580,customer580@example.com,East,7
581,FirstName581,LastName581,customer581@example.com,East,3
582,FirstName582,LastName582,customer582@example.com,East,4
583,FirstName583,LastName583,customer583@example.com,West,9
584,FirstName584,LastName584,customer584@example.com,South,4
585,FirstName585,LastName585,customer585@example.com,East,4
586,FirstName586,LastName586,customer586@example.com,South,8
587,FirstName587,LastName587,customer587@example.com,East,5
588,FirstName588,LastName588,customer588@example.com,South,9
589,FirstName589,LastName589,customer589@example.com,West,5
590,FirstName590,LastName590,customer590@example.com,West,6
591,FirstName591,LastName591,customer591@example.com,West,5
592,FirstName592,LastName592,customer592@example.com,South,3
593,FirstName593,LastName593,customer593@example.com,North,1
594,FirstName594,LastName594,customer594@example.com,West,1
595,FirstName595,LastName595,customer595@example.com,North,7
596,FirstName596,LastName596,customer596@example.com,East,3
597,FirstName597,LastName597,customer597@example.com,North,9
598,FirstName598,LastName598,customer598@example.com,East,3
599,FirstName599,LastName599,customer599@example.com,North,10
600,FirstName600,LastName600,customer600@example.com,North,7
601,FirstName601,LastName601,customer601@example.com,South,7
602,FirstName602,LastName602,customer602@example.com,North,10
603,FirstName603,LastName603,customer603@example.com,South,2
604,FirstName604,LastName604,customer604@example.com,South,2
605,FirstName605,LastName605,customer605@example.com,East,8
606,FirstName606,LastName606,customer606@example.com,South,2
607,FirstName607,LastName607,customer607@example.com,East,6
608,FirstName608,LastName608,customer608@example.com,East,1
609,FirstName609,LastName609,customer609@example.com,West,8
610,FirstName610,LastName610,customer610@example.com,North,8
611,FirstName611,LastName611,customer611@example.com,North,2
612,FirstName612,LastName612,customer612@example.com,North,5
613,FirstName613,LastName613,customer613@example.com,South,2
614,FirstName614,LastName614,customer614@example.com,South,7
615,FirstName615,LastName615,customer615@example.com,North,1
616,FirstName616,LastName616,customer616@example.com,West,1
617,FirstName617,LastName617,customer617@example.com,South,3
618,FirstName618,LastName618,customer618@example.com,South,1
619,FirstName619,LastName619,customer619@example.com,South,5
620,FirstName620,LastName620,customer620@example.com,North,2
621,FirstName621,LastName621,customer621@example.com,South,2
622,FirstName622,LastName622,customer622@example.com,West,2
623,FirstName623,LastName623,customer623@example.com,North,6
624,FirstName624,LastName624,customer624@example.com,East,2
625,FirstName625,LastName625,customer625@example.com,North,1
626,FirstName626,LastName626,customer626@example.com,South,3
627,FirstName627,LastName627,customer627@example.com,South,2
628,FirstName628,LastName628,customer628@example.com,West,5
629,FirstName629,LastName629,customer629@example.com,West,4
630,FirstName630,LastName630,customer630@example.com,North,2
631,FirstName631,LastName631,customer631@example.com,West,3
632,FirstName632,LastName632,customer632@example.com,North,1
633,FirstName633,LastName633,customer633@example.com,South,2
634,FirstName634,LastName634,customer634@example.com,South,3
635,FirstName635,LastName635,customer635@example.com,West,10
636,FirstName636,LastName636,customer636@example.com,West,3
637,FirstName637,LastName637,customer637@example.com,North,6
638,FirstName638,LastName638,customer638@example.com,West,3
639,FirstName639,LastName639,customer639@example.com,West,7
640,FirstName640,LastName640,customer640@example.com,South,8
641,FirstName641,LastName641,customer641@example.com,East,2
642,FirstName642,LastName642,customer642@example.com,West,8
643,FirstName643,LastName643,customer643@example.com,North,6
644,FirstName644,LastName644,customer644@example.com,East,9
645,FirstName645,LastName645,customer645@example.com,East,6
646,FirstName646,LastName646,customer646@example.com,West,4
647,FirstName647,LastName647,customer647@example.com,South,8
648,FirstName648,LastName648,customer648@example.com,North,5
649,FirstName649,LastName649,customer649@example.com,South,6
650,FirstName650,LastName650,customer650@example.com,West,8
651,FirstName651,LastName651,customer651@example.com,South,3
652,FirstName652,LastName652,customer652@example.com,North,8
653,FirstName653,LastName653,customer653@example.com,East,2
654,FirstName654,LastName654,customer654@example.com,North,4
655,FirstName655,LastName655,customer655@example.com,South,6
656,FirstName656,LastName656,customer656@example.com,West,5
657,FirstName657,LastName657,customer657@example.com,West,2
658,FirstName658,LastName658,customer658@example.com,South,5
659,FirstName659,LastName659,customer659@example.com,North,8
660,FirstName660,LastName660,customer660@example.com,South,6
661,FirstName661,LastName661,customer661@example.com,West,6
662,FirstName662,LastName662,customer662@example.com,South,9
663,FirstName663,LastName663,customer663@example.com,North,10
664,FirstName664,LastName664,customer664@example.com,West,10
665,FirstName665,LastName665,customer665@example.com,South,3
666,FirstName666,LastName666,customer666@example.com,West,1
667,FirstName667,LastName667,customer667@example.com,East,7
668,FirstName668,LastName668,customer668@example.com,North,6
669,FirstName669,LastName669,customer669@example.com,North,4
670,FirstName670,LastName670,customer670@example.com,West,5
671,FirstName671,LastName671,customer671@example.com,North,9
672,FirstName672,LastName672,customer672@example.com,East,3
673,FirstName673,LastName673,customer673@example.com,East,9
674,FirstName674,LastName674,customer674@example.com,East,6
675,FirstName675,LastName675,customer675@example.com,South,10
676,FirstName676,LastName676,customer676@example.com,North,2
677,FirstName677,LastName677,customer677@example.com,South,4
678,FirstName678,LastName678,customer678@example.com,East,8
679,FirstName679,LastName679,customer679@example.com,North,3
680,FirstName680,LastName680,customer680@example.com,South,3
681,FirstName681,LastName681,customer681@example.com,North,1
682,FirstName682,LastName682,customer682@example.com,North,7
683,FirstName683,LastName683,customer683@example.com,North,5
684,FirstName684,LastName684,customer684@example.com,West,3
685,FirstName685,LastName685,customer685@example.com,North,5
686,FirstName686,LastName686,customer686@example.com,North,9
687,FirstName687,LastName687,customer687@example.com,North,10
688,FirstName688,LastName688,customer688@example.com,South,4
689,FirstName689,LastName689,customer689@example.com,East,8
690,FirstName690,LastName690,customer690@example.com,East,2
691,FirstName691,LastName691,customer691@example.com,East,3
692,FirstName692,LastName692,customer692@example.com,North,8
693,FirstName693,LastName693,customer693@example.com,East,7
694,FirstName694,LastName694,customer694@example.com,North,1
695,FirstName695,LastName695,customer695@example.com,South,1
696,FirstName696,LastName696,customer696@example.com,West,10
697,FirstName697,LastName697,customer697@example.com,East,5
698,FirstName698,LastName698,customer698@example.com,South,4
699,FirstName699,LastName699,customer699@example.com,North,8
700,FirstName700,LastName700,customer700@example.com,North,8
701,FirstName701,LastName701,customer701@example.com,East,7
702,FirstName702,LastName702,customer702@example.com,West,3
703,FirstName703,LastName703,customer703@example.com,South,8
704,FirstName704,LastName704,customer704@example.com,North,4
705,FirstName705,LastName705,customer705@example.com,West,6
706,FirstName706,LastName706,customer706@example.com,South,1
707,FirstName707,LastName707,customer707@example.com,South,10
708,FirstName708,LastName708,customer708@example.com,South,6
709,FirstName709,LastName709,customer709@example.com,West,4
710,FirstName710,LastName710,customer710@example.com,East,4
711,FirstName711,LastName711,customer711@example.com,West,4
712,FirstName712,LastName712,customer712@example.com,North,6
713,FirstName713,LastName713,customer713@example.com,East,4
714,FirstName714,LastName714,customer714@example.com,West,7
715,FirstName715,LastName715,customer715@example.com,East,6
716,FirstName716,LastName716,customer716@example.com,East,4
717,FirstName717,LastName717,customer717@example.com,North,8
718,FirstName718,LastName718,customer718@example.com,North,2
719,FirstName719,LastName719,customer719@example.com,North,6
720,FirstName720,LastName720,customer720@example.com,East,7
721,FirstName721,LastName721,customer721@example.com,West,9
722,FirstName722,LastName722,customer722@example.com,West,5
723,FirstName723,LastName723,customer723@example.com,South,10
724,FirstName724,LastName724,customer724@example.com,East,4
725,FirstName725,LastName725,customer725@example.com,West,8
726,FirstName726,LastName726,customer726@example.com,West,3
727,FirstName727,LastName727,customer727@example.com,West,5
728,FirstName728,LastName728,customer728@example.com,North,7
729,FirstName729,LastName729,customer729@example.com,North,7
730,FirstName730,LastName730,customer730@example.com,South,5
731,FirstName731,LastName731,customer731@example.com,West,8
732,FirstName732,LastName732,customer732@example.com,East,2
733,FirstName733,LastName733,customer733@example.com,South,9
734,FirstName734,LastName734,customer734@example.com,West,4
735,FirstName735,LastName735,customer735@example.com,North,9
736,FirstName736,LastName736,customer736@example.com,East,10
737,FirstName737,LastName737,customer737@example.com,North,2
738,FirstName738,LastName738,customer738@example.com,North,7
739,FirstName739,LastName739,customer739@example.com,North,3
740,FirstName740,LastName740,customer740@example.com,West,8
741,FirstName741,LastName741,customer741@example.com,South,2
742,FirstName742,LastName742,customer742@example.com,West,6
743,FirstName743,LastName743,customer743@example.com,North,1
744,FirstName744,LastName744,customer744@example.com,North,8
745,FirstName745,LastName745,customer745@example.com,West,9
746,FirstName746,LastName746,customer746@example.com,North,2
747,FirstName747,LastName747,customer747@example.com,East,1
748,FirstName748,LastName748,customer748@example.com,South,3
749,FirstName749,LastName749,customer749@example.com,South,10
750,FirstName750,LastName750,customer750@example.com,East,2
751,FirstName751,LastName751,customer751@example.com,East,3
752,FirstName752,LastName752,customer752@example.com,North,10
753,FirstName753,LastName753,customer753@example.com,South,9
754,FirstName754,LastName754,customer754@example.com,West,8
755,FirstName755,LastName755,customer755@example.com,East,5
756,FirstName756,LastName756,customer756@example.com,East,5
757,FirstName757,LastName757,customer757@example.com,South,5
758,FirstName758,LastName758,customer758@example.com,North,7
759,FirstName759,LastName759,customer759@example.com,West,10
760,FirstName760,LastName760,customer760@example.com,North,5
761,FirstName761,LastName761,customer761@example.com,West,1
762,FirstName762,LastName762,customer762@example.com,West,1
763,FirstName763,LastName763,customer763@example.com,South,9
764,FirstName764,LastName764,customer764@example.com,North,5
765,FirstName765,LastName765,customer765@example.com,West,8
766,FirstName766,LastName766,customer766@example.com,East,1
767,FirstName767,LastName767,customer767@example.com,West,9
768,FirstName768,LastName768,customer768@example.com,South,10
769,FirstName769,LastName769,customer769@example.com,West,5
770,FirstName770,LastName770,customer770@example.com,East,9
771,FirstName771,LastName771,customer771@example.com,West,3
772,FirstName772,LastName772,customer772@example.com,East,1
773,FirstName773,LastName773,customer773@example.com,West,2
774,FirstName774,LastName774,customer774@example.com,West,4
775,FirstName775,LastName775,customer775@example.com,East,7
776,FirstName776,LastName776,customer776@example.com,West,6
777,FirstName777,LastName777,customer777@example.com,North,2
778,FirstName778,LastName778,customer778@example.com,North,10
779,FirstName779,LastName779,customer779@example.com,South,6
780,FirstName780,LastName780,customer780@example.com,West,7
781,FirstName781,LastName781,customer781@example.com,West,8
782,FirstName782,LastName782,customer782@example.com,South,6
783,FirstName783,LastName783,customer783@example.com,East,9
784,FirstName784,LastName784,customer784@example.com,East,5
785,FirstName785,LastName785,customer785@example.com,North,5
786,FirstName786,LastName786,customer786@example.com,North,2
787,FirstName787,LastName787,customer787@example.com,West,2
788,FirstName788,LastName788,customer788@example.com,North,7
789,FirstName789,LastName789,customer789@example.com,East,7
790,FirstName790,LastName790,customer790@example.com,South,9
791,FirstName791,LastName791,customer791@example.com,North,3
792,FirstName792,LastName792,customer792@example.com,East,5
793,FirstName793,LastName793,customer793@example.com,East,7
794,FirstName794,LastName794,customer794@example.com,North,6
795,FirstName795,LastName795,customer795@example.com,South,3
796,FirstName796,LastName796,customer796@example.com,North,1
797,FirstName797,LastName797,customer797@example.com,North,4
798,FirstName798,LastName798,customer798@example.com,North,8
799,FirstName799,LastName799,customer799@example.com,North,6
800,FirstName800,LastName800,customer800@example.com,West,1
801,FirstName801,LastName801,customer801@example.com,West,7
802,FirstName802,LastName802,customer802@example.com,East,4
803,FirstName803,LastName803,customer803@example.com,North,10
804,FirstName804,LastName804,customer804@example.com,West,5
805,FirstName805,LastName805,customer805@example.com,North,10
806,FirstName806,LastName806,customer806@example.com,South,6
807,FirstName807,LastName807,customer807@example.com,North,4
808,FirstName808,LastName808,customer808@example.com,West,6
809,FirstName809,LastName809,customer809@example.com,South,2
810,FirstName810,LastName810,customer810@example.com,East,4
811,FirstName811,LastName811,customer811@example.com,East,2
812,FirstName812,LastName812,customer812@example.com,West,10
813,FirstName813,LastName813,customer813@example.com,West,2
814,FirstName814,LastName814,customer814@example.com,West,10
815,FirstName815,LastName815,customer815@example.com,South,10
816,FirstName816,LastName816,customer816@example.com,North,9
817,FirstName817,LastName817,customer817@example.com,North,5
818,FirstName818,LastName818,customer818@example.com,East,3
819,FirstName819,LastName819,customer819@example.com,East,9
820,FirstName820,LastName820,customer820@example.com,East,10
821,FirstName821,LastName821,customer821@example.com,South,8
822,FirstName822,LastName822,customer822@example.com,East,3
823,FirstName823,LastName823,customer823@example.com,South,1
824,FirstName824,LastName824,customer824@example.com,North,2
825,FirstName825,LastName825,customer825@example.com,East,8
826,FirstName826,LastName826,customer826@example.com,South,9
827,FirstName827,LastName827,customer827@example.com,East,9
828,FirstName828,LastName828,customer828@example.com,West,5
829,FirstName829,LastName829,customer829@example.com,West,6
830,FirstName830,LastName830,customer830@example.com,West,5
831,FirstName831,LastName831,customer831@example.com,North,1
832,FirstName832,LastName832,customer832@example.com,South,4
833,FirstName833,LastName833,customer833@example.com,West,9
834,FirstName834,LastName834,customer834@example.com,East,4
835,FirstName835,LastName835,customer835@example.com,West,8
836,FirstName836,LastName836,customer836@example.com,South,8
837,FirstName837,LastName837,customer837@example.com,South,1
838,FirstName838,LastName838,customer838@example.com,West,5
839,FirstName839,LastName839,customer839@example.com,North,8
840,FirstName840,LastName840,customer840@example.com,East,9
841,FirstName841,LastName841,customer841@example.com,East,8
842,FirstName842,LastName842,customer842@example.com,West,5
843,FirstName843,LastName843,customer843@example.com,East,5
844,FirstName844,LastName844,customer844@example.com,North,4
845,FirstName845,LastName845,customer845@example.com,South,3
846,FirstName846,LastName846,customer846@example.com,South,10
847,FirstName847,LastName847,customer847@example.com,East,3
848,FirstName848,LastName848,customer848@example.com,North,10
849,FirstName849,LastName849,customer849@example.com,North,2
850,FirstName850,LastName850,customer850@example.com,North,7
851,FirstName851,LastName851,customer851@example.com,North,10
852,FirstName852,LastName852,customer852@example.com,West,2
853,FirstName853,LastName853,customer853@example.com,South,5
854,FirstName854,LastName854,customer854@example.com,West,8
855,FirstName855,LastName855,customer855@example.com,South,2
856,FirstName856,LastName856,customer856@example.com,East,7
857,FirstName857,LastName857,customer857@example.com,West,10
858,FirstName858,LastName858,customer858@example.com,East,5
859,FirstName859,LastName859,customer859@example.com,West,9
860,FirstName860,LastName860,customer860@example.com,West,10
861,FirstName861,LastName861,customer861@example.com,West,8
862,FirstName862,LastName862,customer862@example.com,North,3
863,FirstName863,LastName863,customer863@example.com,West,6
864,FirstName864,LastName864,customer864@example.com,West,1
865,FirstName865,LastName865,customer865@example.com,West,3
866,FirstName866,LastName866,customer866@example.com,West,5
867,FirstName867,LastName867,customer867@example.com,West,3
868,FirstName868,LastName868,customer868@example.com,East,6
869,FirstName869,LastName869,customer869@example.com,East,9
870,FirstName870,LastName870,customer870@example.com,West,1
871,FirstName871,LastName871,customer871@example.com,East,2
872,FirstName872,LastName872,customer872@example.com,North,6
873,FirstName873,LastName873,customer873@example.com,East,8
874,FirstName874,LastName874,customer874@example.com,West,1
875,FirstName875,LastName875,customer875@example.com,West,9
876,FirstName876,LastName876,customer876@example.com,South,4
877,FirstName877,LastName877,customer877@example.com,East,6
878,FirstName878,LastName878,customer878@example.com,West,1
879,FirstName879,LastName879,customer879@example.com,North,1
880,FirstName880,LastName880,customer880@example.com,North,8
881,FirstName881,LastName881,customer881@example.com,West,6
882,FirstName882,LastName882,customer882@example.com,West,7
883,FirstName883,LastName883,customer883@example.com,West,9
884,FirstName884,LastName884,customer884@example.com,East,6
885,FirstName885,LastName885,customer885@example.com,West,10
886,FirstName886,LastName886,customer886@example.com,East,5
887,FirstName887,LastName887,customer887@example.com,South,7
888,FirstName888,LastName888,customer888@example.com,East,3
889,FirstName889,LastName889,customer889@example.com,North,5
890,FirstName890,LastName890,customer890@example.com,West,4
891,FirstName891,LastName891,customer891@example.com,South,2
892,FirstName892,LastName892,customer892@example.com,East,2
893,FirstName893,LastName893,customer893@example.com,East,6
894,FirstName894,LastName894,customer894@example.com,East,4
895,FirstName895,LastName895,customer895@example.com,South,10
896,FirstName896,LastName896,customer896@example.com,East,5
897,FirstName897,LastName897,customer897@example.com,East,3
898,FirstName898,LastName898,customer898@example.com,South,4
899,FirstName899,LastName899,customer899@example.com,South,5
900,FirstName900,LastName900,customer900@example.com,East,1
901,FirstName901,LastName901,customer901@example.com,West,10
902,FirstName902,LastName902,customer902@example.com,North,8
903,FirstName903,LastName903,customer903@example.com,East,7
904,FirstName904,LastName904,customer904@example.com,North,10
905,FirstName905,LastName905,customer905@example.com,East,6
906,FirstName906,LastName906,customer906@example.com,East,6
907,FirstName907,LastName907,customer907@example.com,South,2
908,FirstName908,LastName908,customer908@example.com,South,8
909,FirstName909,LastName909,customer909@example.com,West,8
910,FirstName910,LastName910,customer910@example.com,West,10
911,FirstName911,LastName911,customer911@example.com,South,4
912,FirstName912,LastName912,customer912@example.com,West,9
913,FirstName913,LastName913,customer913@example.com,West,9
914,FirstName914,LastName914,customer914@example.com,East,5
915,FirstName915,LastName915,customer915@example.com,East,9
916,FirstName916,LastName916,customer916@example.com,East,2
917,FirstName917,LastName917,customer917@example.com,North,1
918,FirstName918,LastName918,customer918@example.com,East,2
919,FirstName919,LastName919,customer919@example.com,North,4
920,FirstName920,LastName920,customer920@example.com,West,4
921,FirstName921,LastName921,customer921@example.com,East,9
922,FirstName922,LastName922,customer922@example.com,West,5
923,FirstName923,LastName923,customer923@example.com,East,4
924,FirstName924,LastName924,customer924@example.com,West,7
925,FirstName925,LastName925,customer925@example.com,South,7
926,FirstName926,LastName926,customer926@example.com,West,1
927,FirstName927,LastName927,customer927@example.com,West,3
928,FirstName928,LastName928,customer928@example.com,South,3
929,FirstName929,LastName929,customer929@example.com,South,3
930,FirstName930,LastName930,customer930@example.com,South,10
931,FirstName931,LastName931,customer931@example.com,West,3
932,FirstName932,LastName932,customer932@example.com,North,4
933,FirstName933,LastName933,customer933@example.com,West,9
934,FirstName934,LastName934,customer934@example.com,North,10
935,FirstName935,LastName935,customer935@example.com,South,2
936,FirstName936,LastName936,customer936@example.com,East,2
937,FirstName937,LastName937,customer937@example.com,West,2
938,FirstName938,LastName938,customer938@example.com,East,4
939,FirstName939,LastName939,customer939@example.com,North,9
940,FirstName940,LastName940,customer940@example.com,North,9
941,FirstName941,LastName941,customer941@example.com,West,3
942,FirstName942,LastName942,customer942@example.com,East,4
943,FirstName943,LastName943,customer943@example.com,West,10
944,FirstName944,LastName944,customer944@example.com,South,1
945,FirstName945,LastName945,customer945@example.com,West,5
946,FirstName946,LastName946,customer946@example.com,North,9
947,FirstName947,LastName947,customer947@example.com,East,6
948,FirstName948,LastName948,customer948@example.com,East,7
949,FirstName949,LastName949,customer949@example.com,West,7
950,FirstName950,LastName950,customer950@example.com,East,4
951,FirstName951,LastName951,customer951@example.com,West,6
952,FirstName952,LastName952,customer952@example.com,East,5
953,FirstName953,LastName953,customer953@example.com,East,4
954,FirstName954,LastName954,customer954@example.com,West,9
955,FirstName955,LastName955,customer955@example.com,North,2
956,FirstName956,LastName956,customer956@example.com,West,5
957,FirstName957,LastName957,customer957@example.com,West,8
958,FirstName958,LastName958,customer958@example.com,South,6
959,FirstName959,LastName959,customer959@example.com,East,9
960,FirstName960,LastName960,customer960@example.com,West,6
961,FirstName961,LastName961,customer961@example.com,West,6
962,FirstName962,LastName962,customer962@example.com,North,8
963,FirstName963,LastName963,customer963@example.com,East,3
964,FirstName964,LastName964,customer964@example.com,West,5
965,FirstName965,LastName965,customer965@example.com,West,6
966,FirstName966,LastName966,customer966@example.com,South,10
967,FirstName967,LastName967,customer967@example.com,South,6
968,FirstName968,LastName968,customer968@example.com,West,6
969,FirstName969,LastName969,customer969@example.com,North,6
970,FirstName970,LastName970,customer970@example.com,South,9
971,FirstName971,LastName971,customer971@example.com,North,6
972,FirstName972,LastName972,customer972@example.com,East,6
973,FirstName973,LastName973,customer973@example.com,West,8
974,FirstName974,LastName974,customer974@example.com,South,7
975,FirstName975,LastName975,customer975@example.com,South,4
976,FirstName976,LastName976,customer976@example.com,North,3
977,FirstName977,LastName977,customer977@example.com,West,8
978,FirstName978,LastName978,customer978@example.com,East,10
979,FirstName979,LastName979,customer979@example.com,East,9
980,FirstName980,LastName980,customer980@example.com,South,10
981,FirstName981,LastName981,customer981@example.com,North,5
982,FirstName982,LastName982,customer982@example.com,North,5
983,FirstName983,LastName983,customer983@example.com,East,5
984,FirstName984,LastName984,customer984@example.com,West,4
985,FirstName985,LastName985,customer985@example.com,North,4
986,FirstName986,LastName986,customer986@example.com,South,2
987,FirstName987,LastName987,customer987@example.com,West,5
988,FirstName988,LastName988,customer988@example.com,East,8
989,FirstName989,LastName989,customer989@example.com,West,1
990,FirstName990,LastName990,customer990@example.com,North,8
991,FirstName991,LastName991,customer991@example.com,North,5
992,FirstName992,LastName992,customer992@example.com,South,6
993,FirstName993,LastName993,customer993@example.com,South,4
994,FirstName994,LastName994,customer994@example.com,South,10
995,FirstName995,LastName995,customer995@example.com,East,3
996,FirstName996,LastName996,customer996@example.com,East,7
997,FirstName997,LastName997,customer997@example.com,West,5
998,FirstName998,LastName998,customer998@example.com,West,9
999,FirstName999,LastName999,customer999@example.com,East,2
1000,FirstName1000,LastName1000,customer1000@example.com,South,7
